[
{
  "model": "webapp.product",
  "pk": 1,
  "fields": {
    "name": "Dell Latitude 14.1\" Light Gaming & Business Laptop",
    "description": "Balancing performance and mobility, the Dell Latitude E5440 is an excellent portable workstation and light gaming laptop. Light gaming such as Minecraft and CoD capable. Ask AAA PCs for additional game details before purchasing!",
    "category": 2,
    "balance": 2,
    "price": "310.00"
  }
},
{
  "model": "webapp.product",
  "pk": 2,
  "fields": {
    "name": "MACBOOK PRO 13 (2012 Year Model)",
    "description": "LAPTOP IS FULLY TESTED AND 100% FUNCTIONAL, CLEANED, AND READY TO USE! Laptop is in good condition (Grade B). These models came from business environment and are certified by our technicians. BUY WITH CONFIDENCE!",
    "category": 2,
    "balance": 3,
    "price": "610.00"
  }
},
{
  "model": "webapp.product",
  "pk": 3,
  "fields": {
    "name": "ASUS TUF FX705DY 17.3",
    "description": "Laptop is in excellent overall condition with little to no marking. Boxed in its original box with genuine accessories.",
    "category": 2,
    "balance": 0,
    "price": "650.00"
  }
},
{
  "model": "webapp.product",
  "pk": 4,
  "fields": {
    "name": "Acer Chromebook 11.6",
    "description": "Item is in great working condition. Operating system is setup like new and ready to go. May show cosmetic signs of use that do not affect the functionality of item.",
    "category": 2,
    "balance": 7,
    "price": "225.00"
  }
},
{
  "model": "webapp.product",
  "pk": 5,
  "fields": {
    "name": "Apple iPhone 8 64GB GSM Factory Unlocked Smartphone",
    "description": "This is a B+ Stock item, meaning unit is in good cosmetic condition and may have moderate signs of scrapes or scratches - Fully Functional – Comes with charging usb and adapter. - This item is GSM Unlocked will work worldwide (Compatible for GSM Carriers)",
    "category": 1,
    "balance": 0,
    "price": "155.00"
  }
},
{
  "model": "webapp.product",
  "pk": 6,
  "fields": {
    "name": "Nokia Lumia 550 Black Windows 10 Wifi 4G 3G GPS Unlocked Smartphone - 8GB",
    "description": "Good",
    "category": 1,
    "balance": 0,
    "price": "50.00"
  }
},
{
  "model": "webapp.product",
  "pk": 7,
  "fields": {
    "name": "Samsung Galaxy Note GT-N7000 16GB White (Unlocked) Smartphone 8.0mp WiFi gps",
    "description": "The item was used, and been restored to 100% functional condition, new apperance",
    "category": 1,
    "balance": 0,
    "price": "55.00"
  }
},
{
  "model": "webapp.product",
  "pk": 8,
  "fields": {
    "name": "\"MINT\" Nikon D7000 16.2MP Digital SLR Camera Black Body from Japan",
    "description": "Thank you for reading.Product ratings are determined after testing.TOTAL \"MINT\".Beautiful appearance.Optics are beautiful.These items work perfectly.The items shown in the pictures are included.All items work and work as you wish.Works as you would and you can enjoy your photos.See seller's selling details for completeness or imperfections.",
    "category": 3,
    "balance": 7,
    "price": "280.00"
  }
},
{
  "model": "webapp.product",
  "pk": 9,
  "fields": {
    "name": "CONTAX ST 35mm SLR Film Camera Black Body Works well From Japan",
    "description": "Thank you for reading.Product ratings are determined after testing.TOTAL \"VERY GOOD\"Exterior has some scuffs from normal use.There is an unnoticeable dent on the top of the body.It does not affect the function.The battery compartment has some corrosion marks.It does not affect the energization.All items work and work as you want.Work as you wish and enjoy your photos.See seller's selling details for completeness or incompleteness.",
    "category": 3,
    "balance": 3,
    "price": "190.00"
  }
},
{
  "model": "webapp.product",
  "pk": 10,
  "fields": {
    "name": "Natural ALoe Gel Face Cream Moisturizer Whitening Skin Acne Treatment Skin Care",
    "description": "Good",
    "category": 4,
    "balance": 13,
    "price": "10.00"
  }
},
{
  "model": "webapp.category",
  "pk": 1,
  "fields": {
    "name": "Смартфон"
  }
},
{
  "model": "webapp.category",
  "pk": 2,
  "fields": {
    "name": "Ноутбук"
  }
},
{
  "model": "webapp.category",
  "pk": 3,
  "fields": {
    "name": "Камера"
  }
},
{
  "model": "webapp.category",
  "pk": 4,
  "fields": {
    "name": "Разное"
  }
},
{
  "model": "webapp.cart",
  "pk": 21,
  "fields": {
    "product": 5,
    "quantity": 4
  }
},
{
  "model": "webapp.cart",
  "pk": 22,
  "fields": {
    "product": 5,
    "quantity": 4
  }
},
{
  "model": "webapp.cart",
  "pk": 23,
  "fields": {
    "product": 5,
    "quantity": 1
  }
},
{
  "model": "webapp.cart",
  "pk": 24,
  "fields": {
    "product": 5,
    "quantity": 2
  }
},
{
  "model": "webapp.cart",
  "pk": 25,
  "fields": {
    "product": 8,
    "quantity": 5
  }
},
{
  "model": "webapp.cart",
  "pk": 26,
  "fields": {
    "product": 2,
    "quantity": 4
  }
},
{
  "model": "webapp.cart",
  "pk": 27,
  "fields": {
    "product": 3,
    "quantity": 1
  }
},
{
  "model": "webapp.cart",
  "pk": 28,
  "fields": {
    "product": 9,
    "quantity": 3
  }
},
{
  "model": "webapp.order",
  "pk": 6,
  "fields": {
    "user_name": "",
    "tel_number": "2144141421",
    "address": "sfafafaf",
    "created_at": "2021-04-26T11:00:25.084Z",
    "user": null
  }
},
{
  "model": "webapp.order",
  "pk": 7,
  "fields": {
    "user_name": "",
    "tel_number": "21242141",
    "address": "2414141",
    "created_at": "2021-04-26T11:13:06.721Z",
    "user": null
  }
},
{
  "model": "webapp.order",
  "pk": 8,
  "fields": {
    "user_name": "",
    "tel_number": "fsafa",
    "address": "241441",
    "created_at": "2021-04-26T11:15:07.245Z",
    "user": null
  }
},
{
  "model": "webapp.order",
  "pk": 9,
  "fields": {
    "user_name": "",
    "tel_number": "sfafa",
    "address": "safaf",
    "created_at": "2021-04-26T11:16:10.063Z",
    "user": null
  }
},
{
  "model": "webapp.order",
  "pk": 10,
  "fields": {
    "user_name": "",
    "tel_number": "fasf",
    "address": "fasfafaf",
    "created_at": "2021-04-26T11:20:51.250Z",
    "user": null
  }
},
{
  "model": "webapp.order",
  "pk": 11,
  "fields": {
    "user_name": "",
    "tel_number": "safasf",
    "address": "fsafaf",
    "created_at": "2021-04-26T11:38:11.906Z",
    "user": null
  }
},
{
  "model": "webapp.order",
  "pk": 12,
  "fields": {
    "user_name": "",
    "tel_number": "safasfa",
    "address": "fsafafsa",
    "created_at": "2021-04-26T12:02:04.353Z",
    "user": null
  }
},
{
  "model": "webapp.order",
  "pk": 13,
  "fields": {
    "user_name": "",
    "tel_number": "dsafa",
    "address": "safafa",
    "created_at": "2021-04-26T12:02:55.247Z",
    "user": null
  }
},
{
  "model": "webapp.order",
  "pk": 14,
  "fields": {
    "user_name": "",
    "tel_number": "445454",
    "address": "fdsfdsfds",
    "created_at": "2021-04-26T12:04:35.983Z",
    "user": null
  }
},
{
  "model": "webapp.order",
  "pk": 15,
  "fields": {
    "user_name": "",
    "tel_number": "rger",
    "address": "fefefefe",
    "created_at": "2021-04-26T12:07:49.798Z",
    "user": null
  }
},
{
  "model": "webapp.order",
  "pk": 16,
  "fields": {
    "user_name": "",
    "tel_number": "fdfd",
    "address": "dffdfd",
    "created_at": "2021-04-26T12:08:59.962Z",
    "user": 2
  }
},
{
  "model": "webapp.order",
  "pk": 17,
  "fields": {
    "user_name": "",
    "tel_number": "24141",
    "address": "42141412",
    "created_at": "2021-04-26T12:13:29.239Z",
    "user": 2
  }
},
{
  "model": "webapp.productorder",
  "pk": 10,
  "fields": {
    "product": 5,
    "order": 6,
    "quantity": 2
  }
},
{
  "model": "webapp.productorder",
  "pk": 11,
  "fields": {
    "product": 5,
    "order": 7,
    "quantity": 2
  }
},
{
  "model": "webapp.productorder",
  "pk": 12,
  "fields": {
    "product": 5,
    "order": 8,
    "quantity": 2
  }
},
{
  "model": "webapp.productorder",
  "pk": 13,
  "fields": {
    "product": 5,
    "order": 9,
    "quantity": 2
  }
},
{
  "model": "webapp.productorder",
  "pk": 14,
  "fields": {
    "product": 5,
    "order": 10,
    "quantity": 3
  }
},
{
  "model": "webapp.productorder",
  "pk": 15,
  "fields": {
    "product": 5,
    "order": 11,
    "quantity": 3
  }
},
{
  "model": "webapp.productorder",
  "pk": 16,
  "fields": {
    "product": 5,
    "order": 12,
    "quantity": 4
  }
},
{
  "model": "webapp.productorder",
  "pk": 17,
  "fields": {
    "product": 5,
    "order": 13,
    "quantity": 1
  }
},
{
  "model": "webapp.productorder",
  "pk": 18,
  "fields": {
    "product": 5,
    "order": 14,
    "quantity": 2
  }
},
{
  "model": "webapp.productorder",
  "pk": 19,
  "fields": {
    "product": 8,
    "order": 15,
    "quantity": 5
  }
},
{
  "model": "webapp.productorder",
  "pk": 20,
  "fields": {
    "product": 2,
    "order": 16,
    "quantity": 4
  }
},
{
  "model": "webapp.productorder",
  "pk": 21,
  "fields": {
    "product": 3,
    "order": 17,
    "quantity": 1
  }
},
{
  "model": "webapp.productorder",
  "pk": 22,
  "fields": {
    "product": 9,
    "order": 17,
    "quantity": 3
  }
}
]
